sku_id,loc_id
SKU0001,L0588
SKU0002,L0781
SKU0003,L0288
SKU0004,L0693
SKU0005,L0358
SKU0006,L0608
SKU0007,L0395
SKU0008,L0763
SKU0009,L0230
SKU0010,L0598
SKU0011,L0596
SKU0012,L0322
SKU0013,L0567
SKU0014,L0531
SKU0015,L0454
SKU0016,L0762
SKU0017,L0368
SKU0018,L0493
SKU0019,L0761
SKU0020,L0222
SKU0021,L0482
SKU0022,L0026
SKU0023,L0404
SKU0024,L0072
SKU0025,L0718
SKU0026,L0284
SKU0027,L0558
SKU0028,L0243
SKU0029,L0681
SKU0030,L0510
SKU0031,L0690
SKU0032,L0066
SKU0033,L0797
SKU0034,L0660
SKU0035,L0314
SKU0036,L0624
SKU0037,L0213
SKU0038,L0487
SKU0039,L0724
SKU0040,L0534
SKU0041,L0143
SKU0042,L0675
SKU0043,L0001
SKU0044,L0587
SKU0045,L0668
SKU0046,L0764
SKU0047,L0509
SKU0048,L0065
SKU0049,L0751
SKU0050,L0051
SKU0051,L0344
SKU0052,L0793
SKU0053,L0149
SKU0054,L0686
SKU0055,L0239
SKU0056,L0618
SKU0057,L0574
SKU0058,L0182
SKU0059,L0783
SKU0060,L0512
SKU0061,L0714
SKU0062,L0144
SKU0063,L0460
SKU0064,L0513
SKU0065,L0721
SKU0066,L0525
SKU0067,L0002
SKU0068,L0572
SKU0069,L0416
SKU0070,L0664
SKU0071,L0113
SKU0072,L0507
SKU0073,L0179
SKU0074,L0425
SKU0075,L0089
SKU0076,L0680
SKU0077,L0524
SKU0078,L0019
SKU0079,L0646
SKU0080,L0737
SKU0081,L0438
SKU0082,L0194
SKU0083,L0014
SKU0084,L0736
SKU0085,L0711
SKU0086,L0044
SKU0087,L0388
SKU0088,L0750
SKU0089,L0707
SKU0090,L0247
SKU0091,L0617
SKU0092,L0749
SKU0093,L0657
SKU0094,L0140
SKU0095,L0535
SKU0096,L0167
SKU0097,L0133
SKU0098,L0473
SKU0099,L0025
SKU0100,L0228
SKU0101,L0316
SKU0102,L0634
SKU0103,L0201
SKU0104,L0161
SKU0105,L0010
SKU0106,L0632
SKU0107,L0060
SKU0108,L0786
SKU0109,L0178
SKU0110,L0151
SKU0111,L0701
SKU0112,L0526
SKU0113,L0145
SKU0114,L0385
SKU0115,L0306
SKU0116,L0631
SKU0117,L0173
SKU0118,L0017
SKU0119,L0468
SKU0120,L0605
SKU0121,L0622
SKU0122,L0317
SKU0123,L0560
SKU0124,L0444
SKU0125,L0377
SKU0126,L0200
SKU0127,L0033
SKU0128,L0571
SKU0129,L0742
SKU0130,L0647
SKU0131,L0172
SKU0132,L0602
SKU0133,L0349
SKU0134,L0018
SKU0135,L0202
SKU0136,L0225
SKU0137,L0371
SKU0138,L0335
SKU0139,L0662
SKU0140,L0514
SKU0141,L0110
SKU0142,L0741
SKU0143,L0673
SKU0144,L0354
SKU0145,L0800
SKU0146,L0544
SKU0147,L0739
SKU0148,L0307
SKU0149,L0108
SKU0150,L0180
SKU0151,L0062
SKU0152,L0126
SKU0153,L0713
SKU0154,L0380
SKU0155,L0569
SKU0156,L0611
SKU0157,L0616
SKU0158,L0107
SKU0159,L0355
SKU0160,L0411
SKU0161,L0159
SKU0162,L0785
SKU0163,L0585
SKU0164,L0082
SKU0165,L0291
SKU0166,L0118
SKU0167,L0298
SKU0168,L0792
SKU0169,L0105
SKU0170,L0224
SKU0171,L0374
SKU0172,L0254
SKU0173,L0116
SKU0174,L0248
SKU0175,L0021
SKU0176,L0613
SKU0177,L0085
SKU0178,L0528
SKU0179,L0311
SKU0180,L0429
SKU0181,L0275
SKU0182,L0258
SKU0183,L0129
SKU0184,L0235
SKU0185,L0375
SKU0186,L0039
SKU0187,L0290
SKU0188,L0331
SKU0189,L0523
SKU0190,L0606
SKU0191,L0432
SKU0192,L0475
SKU0193,L0343
SKU0194,L0073
SKU0195,L0055
SKU0196,L0580
SKU0197,L0399
SKU0198,L0478
SKU0199,L0594
SKU0200,L0403
SKU0201,L0548
SKU0202,L0733
SKU0203,L0640
SKU0204,L0740
SKU0205,L0795
SKU0206,L0760
SKU0207,L0573
SKU0208,L0540
SKU0209,L0337
SKU0210,L0730
SKU0211,L0329
SKU0212,L0024
SKU0213,L0040
SKU0214,L0676
SKU0215,L0146
SKU0216,L0464
SKU0217,L0238
SKU0218,L0318
SKU0219,L0492
SKU0220,L0282
SKU0221,L0315
SKU0222,L0508
SKU0223,L0565
SKU0224,L0422
SKU0225,L0005
SKU0226,L0293
SKU0227,L0621
SKU0228,L0276
SKU0229,L0459
SKU0230,L0699
SKU0231,L0272
SKU0232,L0630
SKU0233,L0075
SKU0234,L0682
SKU0235,L0642
SKU0236,L0442
SKU0237,L0184
SKU0238,L0421
SKU0239,L0342
SKU0240,L0287
SKU0241,L0112
SKU0242,L0154
SKU0243,L0156
SKU0244,L0125
SKU0245,L0359
SKU0246,L0352
SKU0247,L0048
SKU0248,L0373
SKU0249,L0790
SKU0250,L0223
SKU0251,L0538
SKU0252,L0650
SKU0253,L0148
SKU0254,L0363
SKU0255,L0027
SKU0256,L0104
SKU0257,L0715
SKU0258,L0084
SKU0259,L0695
SKU0260,L0119
SKU0261,L0591
SKU0262,L0136
SKU0263,L0735
SKU0264,L0592
SKU0265,L0244
SKU0266,L0164
SKU0267,L0581
SKU0268,L0175
SKU0269,L0147
SKU0270,L0553
SKU0271,L0246
SKU0272,L0093
SKU0273,L0301
SKU0274,L0557
SKU0275,L0049
SKU0276,L0034
SKU0277,L0092
SKU0278,L0068
SKU0279,L0775
SKU0280,L0772
SKU0281,L0099
SKU0282,L0734
SKU0283,L0698
SKU0284,L0518
SKU0285,L0071
SKU0286,L0501
SKU0287,L0479
SKU0288,L0197
SKU0289,L0083
SKU0290,L0327
SKU0291,L0366
SKU0292,L0221
SKU0293,L0541
SKU0294,L0504
SKU0295,L0389
SKU0296,L0446
SKU0297,L0481
SKU0298,L0236
SKU0299,L0204
SKU0300,L0401
SKU0301,L0748
SKU0302,L0150
SKU0303,L0277
SKU0304,L0339
SKU0305,L0142
SKU0306,L0398
SKU0307,L0257
SKU0308,L0278
SKU0309,L0211
SKU0310,L0127
SKU0311,L0649
SKU0312,L0661
SKU0313,L0030
SKU0314,L0570
SKU0315,L0020
SKU0316,L0590
SKU0317,L0677
SKU0318,L0502
SKU0319,L0461
SKU0320,L0485
SKU0321,L0452
SKU0322,L0489
SKU0323,L0094
SKU0324,L0098
SKU0325,L0364
SKU0326,L0700
SKU0327,L0562
SKU0328,L0623
SKU0329,L0537
SKU0330,L0414
SKU0331,L0369
SKU0332,L0759
SKU0333,L0063
SKU0334,L0074
SKU0335,L0386
SKU0336,L0185
SKU0337,L0589
SKU0338,L0625
SKU0339,L0383
SKU0340,L0604
SKU0341,L0162
SKU0342,L0727
SKU0343,L0267
SKU0344,L0047
SKU0345,L0379
SKU0346,L0619
SKU0347,L0328
SKU0348,L0439
SKU0349,L0053
SKU0350,L0593
SKU0351,L0549
SKU0352,L0061
SKU0353,L0361
SKU0354,L0476
SKU0355,L0357
SKU0356,L0450
SKU0357,L0743
SKU0358,L0004
SKU0359,L0217
SKU0360,L0768
SKU0361,L0207
SKU0362,L0134
SKU0363,L0614
SKU0364,L0691
SKU0365,L0390
SKU0366,L0064
SKU0367,L0340
SKU0368,L0583
SKU0369,L0726
SKU0370,L0198
SKU0371,L0559
SKU0372,L0120
SKU0373,L0427
SKU0374,L0016
SKU0375,L0253
SKU0376,L0271
SKU0377,L0387
SKU0378,L0209
SKU0379,L0782
SKU0380,L0195
SKU0381,L0418
SKU0382,L0441
SKU0383,L0747
SKU0384,L0381
SKU0385,L0597
SKU0386,L0168
SKU0387,L0609
SKU0388,L0708
SKU0389,L0477
SKU0390,L0651
SKU0391,L0237
SKU0392,L0308
SKU0393,L0139
SKU0394,L0545
SKU0395,L0117
SKU0396,L0189
SKU0397,L0656
SKU0398,L0595
SKU0399,L0013
SKU0400,L0210
SKU0401,L0285
SKU0402,L0522
SKU0403,L0128
SKU0404,L0712
SKU0405,L0563
SKU0406,L0692
SKU0407,L0758
SKU0408,L0190
SKU0409,L0705
SKU0410,L0181
SKU0411,L0122
SKU0412,L0725
SKU0413,L0106
SKU0414,L0766
SKU0415,L0652
SKU0416,L0111
SKU0417,L0550
SKU0418,L0771
SKU0419,L0627
SKU0420,L0332
SKU0421,L0791
SKU0422,L0556
SKU0423,L0731
SKU0424,L0205
SKU0425,L0219
SKU0426,L0626
SKU0427,L0434
SKU0428,L0227
SKU0429,L0755
SKU0430,L0685
SKU0431,L0769
SKU0432,L0628
SKU0433,L0045
SKU0434,L0382
SKU0435,L0186
SKU0436,L0462
SKU0437,L0115
SKU0438,L0719
SKU0439,L0305
SKU0440,L0697
SKU0441,L0633
SKU0442,L0644
SKU0443,L0302
SKU0444,L0155
SKU0445,L0689
SKU0446,L0402
SKU0447,L0584
SKU0448,L0564
SKU0449,L0283
SKU0450,L0643
SKU0451,L0706
SKU0452,L0351
SKU0453,L0270
SKU0454,L0445
SKU0455,L0639
SKU0456,L0517
SKU0457,L0449
SKU0458,L0003
SKU0459,L0716
SKU0460,L0463
SKU0461,L0076
SKU0462,L0612
SKU0463,L0561
SKU0464,L0132
SKU0465,L0255
SKU0466,L0607
SKU0467,L0532
SKU0468,L0436
SKU0469,L0296
SKU0470,L0256
SKU0471,L0320
SKU0472,L0392
SKU0473,L0234
SKU0474,L0431
SKU0475,L0367
SKU0476,L0043
SKU0477,L0321
SKU0478,L0299
SKU0479,L0268
SKU0480,L0789
SKU0481,L0196
SKU0482,L0684
SKU0483,L0551
SKU0484,L0090
SKU0485,L0341
SKU0486,L0046
SKU0487,L0658
SKU0488,L0191
SKU0489,L0729
SKU0490,L0109
SKU0491,L0252
SKU0492,L0408
SKU0493,L0087
SKU0494,L0347
SKU0495,L0794
SKU0496,L0050
SKU0497,L0362
SKU0498,L0097
SKU0499,L0212
SKU0500,L0038
